id,created_at,name,updated_at
1,2025-03-23T15:50:57,Category Address,2025-03-23T15:50:57
2,2025-03-23T15:50:57,Category Health,2025-03-23T15:50:57
3,2025-03-23T15:50:57,Category Natural,2025-03-23T15:50:57
4,2025-03-23T15:50:57,Category Follow,2025-03-23T15:50:57
5,2025-03-23T15:50:57,Category Half,2025-03-23T15:50:57
6,2025-03-23T15:50:57,Category Say,2025-03-23T15:50:57
7,2025-03-23T15:50:57,Category Sort,2025-03-23T15:50:57
8,2025-03-23T15:50:57,Category Adult,2025-03-23T15:50:57
9,2025-03-23T15:50:57,Category Who,2025-03-23T15:50:57
10,2025-03-23T15:50:57,Category Reason,2025-03-23T15:50:57
11,2025-03-23T15:50:57,Category Rest,2025-03-23T15:50:57
12,2025-03-23T15:50:57,Category Health,2025-03-23T15:50:57
13,2025-03-23T15:50:57,Category Education,2025-03-23T15:50:57
14,2025-03-23T15:50:57,Category Open,2025-03-23T15:50:57
15,2025-03-23T15:50:57,Category Republican,2025-03-23T15:50:57
16,2025-03-23T15:50:57,Category Feel,2025-03-23T15:50:57
17,2025-03-23T15:50:57,Category Join,2025-03-23T15:50:57
18,2025-03-23T15:50:57,Category Finish,2025-03-23T15:50:57
19,2025-03-23T15:50:57,Category Close,2025-03-23T15:50:57
20,2025-03-23T15:50:57,Category Almost,2025-03-23T15:50:57
21,2025-03-23T15:50:57,Category Most,2025-03-23T15:50:57
22,2025-03-23T15:50:57,Category Money,2025-03-23T15:50:57
23,2025-03-23T15:50:57,Category Purpose,2025-03-23T15:50:57
24,2025-03-23T15:50:57,Category Unit,2025-03-23T15:50:57
25,2025-03-23T15:50:57,Category Since,2025-03-23T15:50:57
26,2025-03-23T15:50:57,Category Fight,2025-03-23T15:50:57
27,2025-03-23T15:50:57,Category Tell,2025-03-23T15:50:57
28,2025-03-23T15:50:57,Category Health,2025-03-23T15:50:57
29,2025-03-23T15:50:57,Category Special,2025-03-23T15:50:57
30,2025-03-23T15:50:57,Category Person,2025-03-23T15:50:57
31,2025-03-23T15:50:57,Category Fire,2025-03-23T15:50:57
32,2025-03-23T15:50:57,Category Within,2025-03-23T15:50:57
33,2025-03-23T15:50:57,Category Serious,2025-03-23T15:50:57
34,2025-03-23T15:50:57,Category Responsibility,2025-03-23T15:50:57
35,2025-03-23T15:50:57,Category Television,2025-03-23T15:50:57
36,2025-03-23T15:50:57,Category Second,2025-03-23T15:50:57
37,2025-03-23T15:50:57,Category Alone,2025-03-23T15:50:57
38,2025-03-23T15:50:57,Category Worker,2025-03-23T15:50:57
39,2025-03-23T15:50:57,Category Generation,2025-03-23T15:50:57
40,2025-03-23T15:50:57,Category Role,2025-03-23T15:50:57
41,2025-03-23T15:50:57,Category Institution,2025-03-23T15:50:57
42,2025-03-23T15:50:57,Category Fish,2025-03-23T15:50:57
43,2025-03-23T15:50:57,Category Former,2025-03-23T15:50:57
44,2025-03-23T15:50:57,Category Ever,2025-03-23T15:50:57
45,2025-03-23T15:50:57,Category Style,2025-03-23T15:50:57
46,2025-03-23T15:50:57,Category Simple,2025-03-23T15:50:57
47,2025-03-23T15:50:57,Category Her,2025-03-23T15:50:57
48,2025-03-23T15:50:57,Category Series,2025-03-23T15:50:57
49,2025-03-23T15:50:57,Category Perhaps,2025-03-23T15:50:57
50,2025-03-23T15:50:57,Category Along,2025-03-23T15:50:57
51,2025-03-23T15:50:57,Category Relationship,2025-03-23T15:50:57
52,2025-03-23T15:50:57,Category Second,2025-03-23T15:50:57
53,2025-03-23T15:50:57,Category Technology,2025-03-23T15:50:57
54,2025-03-23T15:50:57,Category Industry,2025-03-23T15:50:57
55,2025-03-23T15:50:57,Category American,2025-03-23T15:50:57
56,2025-03-23T15:50:57,Category Include,2025-03-23T15:50:57
57,2025-03-23T15:50:57,Category Growth,2025-03-23T15:50:57
58,2025-03-23T15:50:57,Category Future,2025-03-23T15:50:57
59,2025-03-23T15:50:57,Category Brother,2025-03-23T15:50:57
60,2025-03-23T15:50:57,Category Feeling,2025-03-23T15:50:57
61,2025-03-23T15:50:57,Category Natural,2025-03-23T15:50:57
62,2025-03-23T15:50:57,Category Coach,2025-03-23T15:50:57
63,2025-03-23T15:50:57,Category Bad,2025-03-23T15:50:57
64,2025-03-23T15:50:57,Category Natural,2025-03-23T15:50:57
65,2025-03-23T15:50:57,Category Along,2025-03-23T15:50:57
66,2025-03-23T15:50:57,Category Manager,2025-03-23T15:50:57
67,2025-03-23T15:50:57,Category Almost,2025-03-23T15:50:57
68,2025-03-23T15:50:57,Category Main,2025-03-23T15:50:57
69,2025-03-23T15:50:57,Category Capital,2025-03-23T15:50:57
70,2025-03-23T15:50:57,Category Service,2025-03-23T15:50:57
71,2025-03-23T15:50:57,Category Important,2025-03-23T15:50:57
72,2025-03-23T15:50:57,Category New,2025-03-23T15:50:57
73,2025-03-23T15:50:57,Category Admit,2025-03-23T15:50:57
74,2025-03-23T15:50:57,Category Suggest,2025-03-23T15:50:57
75,2025-03-23T15:50:57,Category Other,2025-03-23T15:50:57
76,2025-03-23T15:50:57,Category Activity,2025-03-23T15:50:57
77,2025-03-23T15:50:57,Category Research,2025-03-23T15:50:57
78,2025-03-23T15:50:57,Category Single,2025-03-23T15:50:57
79,2025-03-23T15:50:57,Category Serious,2025-03-23T15:50:57
80,2025-03-23T15:50:57,Category Within,2025-03-23T15:50:57
81,2025-03-23T15:50:57,Category Whether,2025-03-23T15:50:57
82,2025-03-23T15:50:57,Category Pass,2025-03-23T15:50:57
83,2025-03-23T15:50:57,Category Mother,2025-03-23T15:50:57
84,2025-03-23T15:50:57,Category Have,2025-03-23T15:50:57
85,2025-03-23T15:50:57,Category Art,2025-03-23T15:50:57
86,2025-03-23T15:50:57,Category Well,2025-03-23T15:50:57
87,2025-03-23T15:50:57,Category Red,2025-03-23T15:50:57
88,2025-03-23T15:50:57,Category State,2025-03-23T15:50:57
89,2025-03-23T15:50:57,Category Receive,2025-03-23T15:50:57
90,2025-03-23T15:50:57,Category New,2025-03-23T15:50:57
91,2025-03-23T15:50:57,Category May,2025-03-23T15:50:57
92,2025-03-23T15:50:57,Category Time,2025-03-23T15:50:57
93,2025-03-23T15:50:57,Category Smile,2025-03-23T15:50:57
94,2025-03-23T15:50:57,Category Why,2025-03-23T15:50:57
95,2025-03-23T15:50:57,Category Return,2025-03-23T15:50:57
96,2025-03-23T15:50:57,Category Collection,2025-03-23T15:50:57
97,2025-03-23T15:50:57,Category Usually,2025-03-23T15:50:57
98,2025-03-23T15:50:57,Category Phone,2025-03-23T15:50:57
99,2025-03-23T15:50:57,Category Foreign,2025-03-23T15:50:57
100,2025-03-23T15:50:57,Category Real,2025-03-23T15:50:57
101,2025-03-23T15:50:57,Category Street,2025-03-23T15:50:57
102,2025-03-23T15:50:57,Category Reflect,2025-03-23T15:50:57
103,2025-03-23T15:50:57,Category Down,2025-03-23T15:50:57
104,2025-03-23T15:50:57,Category Consumer,2025-03-23T15:50:57
105,2025-03-23T15:50:57,Category Really,2025-03-23T15:50:57
106,2025-03-23T15:50:57,Category Wind,2025-03-23T15:50:57
107,2025-03-23T15:50:57,Category Against,2025-03-23T15:50:57
108,2025-03-23T15:50:57,Category Change,2025-03-23T15:50:57
109,2025-03-23T15:50:57,Category Fine,2025-03-23T15:50:57
110,2025-03-23T15:50:57,Category Let,2025-03-23T15:50:57
111,2025-03-23T15:50:57,Category Choice,2025-03-23T15:50:57
112,2025-03-23T15:50:57,Category Thousand,2025-03-23T15:50:57
113,2025-03-23T15:50:57,Category Bag,2025-03-23T15:50:57
114,2025-03-23T15:50:57,Category Dream,2025-03-23T15:50:57
115,2025-03-23T15:50:57,Category Rate,2025-03-23T15:50:57
116,2025-03-23T15:50:57,Category Question,2025-03-23T15:50:57
117,2025-03-23T15:50:57,Category Image,2025-03-23T15:50:57
118,2025-03-23T15:50:57,Category Involve,2025-03-23T15:50:57
119,2025-03-23T15:50:57,Category Pick,2025-03-23T15:50:57
120,2025-03-23T15:50:57,Category Even,2025-03-23T15:50:57
121,2025-03-23T15:50:57,Category Stuff,2025-03-23T15:50:57
122,2025-03-23T15:50:57,Category Structure,2025-03-23T15:50:57
123,2025-03-23T15:50:57,Category Important,2025-03-23T15:50:57
124,2025-03-23T15:50:57,Category Determine,2025-03-23T15:50:57
125,2025-03-23T15:50:57,Category Key,2025-03-23T15:50:57
126,2025-03-23T15:50:57,Category Card,2025-03-23T15:50:57
127,2025-03-23T15:50:57,Category Sort,2025-03-23T15:50:57
128,2025-03-23T15:50:57,Category Resource,2025-03-23T15:50:57
129,2025-03-23T15:50:57,Category Board,2025-03-23T15:50:57
130,2025-03-23T15:50:57,Category Later,2025-03-23T15:50:57
