id,created_at,name,recipe_id,update_at,user_id
1,2025-04-07T17:38:00,Collection Place,120,2024-05-30T06:16:11,8
2,2022-06-16T02:54:52,Collection Never,85,2022-03-28T13:31:12,25
3,2025-03-11T22:48:14,Collection Food,103,2020-02-10T16:09:22,10
4,2022-09-18T03:03:24,Collection Establish,13,2023-09-16T10:56:21,18
5,2023-09-20T13:16:36,Collection West,79,2022-08-09T01:17:36,30
6,2024-08-11T13:22:14,Collection Himself,58,2024-08-11T12:59:31,21
7,2022-09-07T06:24:17,Collection Republican,100,2021-11-07T16:30:50,19
8,2020-01-30T01:00:46,Collection Three,20,2024-05-02T17:00:28,29
9,2021-03-10T22:44:30,Collection Much,39,2023-01-28T05:57:45,27
10,2024-06-26T19:02:38,Collection Man,39,2023-01-18T05:37:11,23
11,2023-07-26T04:53:28,Collection Time,68,2020-09-22T15:47:13,11
12,2024-11-10T12:56:57,Collection Vote,91,2022-11-02T06:12:27,2
13,2024-09-12T22:28:46,Collection First,40,2024-07-12T17:53:40,9
14,2023-12-14T11:55:30,Collection We,8,2022-08-03T02:16:02,16
15,2024-06-05T19:51:16,Collection North,4,2023-03-01T16:52:15,18
16,2022-05-18T23:50:09,Collection Material,19,2020-11-27T17:21:20,28
17,2022-05-10T01:57:35,Collection Answer,88,2021-08-25T14:40:52,9
18,2022-07-25T08:57:33,Collection Start,109,2022-01-07T10:48:10,15
19,2022-02-16T09:56:05,Collection Our,123,2024-07-28T09:50:12,19
20,2025-03-08T13:34:35,Collection Example,23,2024-01-15T07:23:49,4
21,2023-12-09T16:38:50,Collection Partner,79,2021-07-03T01:23:00,24
22,2025-03-08T04:38:17,Collection Though,102,2024-06-06T18:16:14,24
23,2023-10-19T20:18:55,Collection By,113,2022-11-26T03:06:23,12
24,2024-03-26T07:24:05,Collection Fish,73,2022-12-28T03:06:04,14
25,2022-12-13T15:29:05,Collection Hundred,96,2021-04-27T06:03:37,23
26,2022-10-18T20:53:46,Collection Wish,76,2020-03-31T14:11:02,1
27,2024-09-30T01:40:34,Collection Television,19,2024-01-28T15:09:16,20
28,2020-07-19T08:14:26,Collection Almost,48,2020-07-12T05:37:02,3
29,2023-04-11T04:11:44,Collection Court,94,2024-05-13T00:31:37,22
30,2024-02-19T02:57:20,Collection Enjoy,93,2021-09-02T00:32:03,6
31,2024-06-15T02:08:31,Collection Past,110,2022-12-26T01:13:00,21
32,2023-03-29T17:18:59,Collection Human,56,2022-10-25T18:33:31,16
33,2024-09-04T23:12:18,Collection Red,74,2023-10-08T16:12:45,18
34,2022-03-11T22:38:48,Collection Boy,124,2022-01-06T17:15:36,1
35,2024-04-28T12:56:18,Collection News,90,2025-02-21T00:31:19,2
36,2022-12-06T23:49:37,Collection Laugh,7,2023-09-27T11:31:32,8
37,2020-10-02T22:10:57,Collection Vote,41,2023-06-26T20:37:20,16
38,2022-03-28T21:31:43,Collection Around,107,2021-03-15T23:31:17,13
39,2024-02-18T08:30:23,Collection Them,53,2021-03-21T17:25:35,22
40,2025-03-09T00:54:54,Collection Purpose,87,2024-07-05T16:06:52,12
41,2020-01-07T04:33:27,Collection Apply,117,2021-03-24T08:01:17,8
42,2024-07-25T04:24:43,Collection Exist,72,2020-08-27T00:55:57,23
43,2023-10-29T20:23:22,Collection Smile,84,2023-08-15T11:33:32,26
44,2021-08-22T11:04:02,Collection Wrong,106,2022-10-12T15:33:33,27
45,2020-08-27T21:55:31,Collection Fact,36,2024-11-27T12:30:32,8
46,2020-01-17T23:54:50,Collection Sure,41,2021-12-07T08:25:53,1
47,2020-08-28T00:12:26,Collection Animal,20,2024-03-13T09:45:22,3
48,2022-12-26T22:07:38,Collection It,107,2023-06-08T01:06:02,3
49,2020-02-16T14:53:58,Collection Ask,31,2025-02-23T04:10:06,2
50,2021-07-02T15:45:23,Collection Husband,86,2021-06-07T20:12:38,17
51,2023-08-24T20:59:28,Collection Civil,114,2021-06-09T14:35:06,19
52,2023-02-01T08:58:48,Collection Result,67,2022-09-20T21:31:18,5
53,2021-01-27T05:23:13,Collection Organization,56,2024-10-04T12:16:31,16
54,2025-03-09T06:26:12,Collection Left,63,2023-01-24T04:08:57,3
55,2021-05-15T21:55:28,Collection Large,8,2020-04-06T01:19:58,24
56,2020-02-11T22:13:08,Collection Instead,77,2020-04-22T10:29:44,24
57,2021-09-14T04:30:44,Collection Reveal,73,2022-04-13T22:39:17,28
58,2023-09-12T06:44:00,Collection Story,95,2023-02-26T18:55:54,1
59,2024-10-02T05:38:15,Collection While,70,2024-09-09T22:44:36,7
60,2022-08-01T06:49:29,Collection Today,65,2020-09-17T14:24:11,25
61,2021-08-30T22:50:02,Collection Avoid,90,2021-01-23T19:30:23,4
62,2021-12-27T06:08:13,Collection Clearly,51,2023-08-15T23:22:51,14
63,2023-07-14T05:36:18,Collection Hundred,106,2020-09-11T12:33:41,9
64,2024-05-21T22:04:11,Collection Clear,108,2022-03-01T04:01:20,1
65,2020-07-29T19:44:20,Collection Head,81,2024-04-27T18:49:58,22
66,2020-07-30T18:25:57,Collection Surface,21,2024-10-28T10:45:08,16
67,2021-10-09T09:39:18,Collection During,78,2020-10-04T00:30:43,25
68,2021-08-04T16:25:15,Collection Loss,91,2020-07-14T14:42:46,1
69,2020-03-26T02:42:52,Collection Else,21,2024-03-06T10:18:29,6
70,2020-01-09T06:15:05,Collection News,99,2024-04-01T21:20:57,11
71,2022-11-26T06:16:53,Collection Together,43,2023-04-20T19:31:44,13
72,2020-03-13T11:02:37,Collection Green,2,2020-05-27T04:13:28,22
73,2020-03-25T13:30:56,Collection Test,128,2022-12-23T02:03:26,17
74,2024-08-21T09:19:49,Collection Range,67,2023-11-28T12:03:36,16
75,2021-02-28T11:41:12,Collection Bit,4,2025-04-06T03:47:58,10
76,2024-04-12T03:17:47,Collection Material,130,2021-07-26T01:48:09,1
77,2023-12-24T16:27:50,Collection Ten,101,2022-02-24T14:18:30,13
78,2020-04-25T16:27:06,Collection West,73,2020-07-05T12:43:06,4
79,2021-06-26T18:15:55,Collection Kid,21,2023-05-23T14:33:24,5
80,2023-01-30T10:20:48,Collection Image,101,2024-10-24T20:21:03,11
81,2021-08-15T21:41:11,Collection Plan,26,2021-10-20T17:33:29,5
82,2023-05-10T08:14:37,Collection Civil,7,2021-11-25T17:56:19,11
83,2022-07-16T19:59:44,Collection Home,3,2024-11-21T22:32:13,29
84,2022-06-02T20:13:06,Collection Professor,99,2023-04-23T22:49:48,15
85,2022-07-07T21:20:15,Collection Better,89,2022-12-15T17:19:33,1
86,2022-12-25T16:03:12,Collection Street,1,2023-09-10T03:55:27,26
87,2022-04-10T18:01:49,Collection Eye,116,2020-07-23T01:22:17,9
88,2024-07-14T11:32:22,Collection Church,71,2022-09-12T14:41:27,12
89,2021-08-19T14:21:30,Collection Dog,104,2023-03-18T03:43:59,21
90,2024-03-23T04:20:02,Collection Friend,26,2025-01-09T20:53:56,20
91,2021-05-04T22:49:50,Collection Doctor,37,2023-06-30T15:31:11,14
92,2024-08-16T07:25:57,Collection Management,35,2022-08-29T05:10:18,3
93,2024-12-17T23:54:46,Collection Effort,66,2022-09-17T15:16:08,12
94,2023-12-11T06:37:51,Collection Democratic,66,2020-04-16T18:57:36,6
95,2020-06-15T11:21:44,Collection Trial,109,2020-01-01T05:35:43,15
96,2021-12-14T14:30:41,Collection Occur,84,2021-12-27T15:35:00,2
97,2021-01-04T21:13:41,Collection Politics,34,2021-11-01T09:17:09,25
98,2024-04-12T13:48:55,Collection Whose,10,2022-01-08T23:41:20,13
99,2020-02-23T05:54:24,Collection A,111,2021-06-26T00:36:13,1
100,2022-07-03T22:48:07,Collection Impact,59,2022-07-15T00:39:25,29
101,2025-03-22T09:42:01,Collection Floor,31,2022-06-09T22:23:08,9
102,2020-07-24T13:46:39,Collection I,38,2022-06-22T15:28:19,28
103,2024-05-20T15:17:26,Collection Physical,80,2025-01-17T06:07:18,10
104,2021-08-28T19:56:20,Collection Eat,33,2022-08-01T06:15:13,4
105,2022-08-20T03:43:11,Collection Sister,73,2022-06-23T09:30:31,4
106,2025-04-01T04:52:13,Collection Determine,124,2023-11-04T04:45:21,27
107,2024-06-17T08:30:24,Collection Result,128,2024-08-07T01:19:35,30
108,2020-01-23T13:59:10,Collection Interview,64,2025-02-09T11:47:48,6
109,2024-09-22T09:17:44,Collection Know,97,2023-09-04T08:48:18,22
110,2023-12-22T21:26:12,Collection Financial,89,2024-07-14T07:30:45,16
111,2021-10-13T22:39:03,Collection Often,61,2021-07-27T03:38:52,11
112,2023-03-18T02:15:37,Collection Heart,91,2024-04-21T03:35:19,2
113,2024-08-29T00:05:19,Collection Often,84,2024-05-16T04:07:51,25
114,2023-10-09T21:59:32,Collection End,121,2020-12-05T15:59:20,7
115,2024-10-23T23:46:06,Collection What,102,2024-04-02T06:28:23,14
116,2021-01-26T18:37:04,Collection Power,129,2022-10-07T08:01:42,14
117,2021-09-20T12:00:17,Collection Establish,5,2023-09-21T06:20:33,1
118,2021-02-27T16:40:46,Collection Wife,78,2024-01-06T09:50:53,26
119,2024-01-25T16:40:52,Collection Expect,43,2020-10-13T20:34:04,15
120,2021-07-05T13:29:14,Collection Whatever,28,2023-05-24T00:50:59,28
121,2021-12-27T10:02:37,Collection Brother,109,2023-08-08T21:11:32,29
122,2021-07-07T23:02:38,Collection Manager,113,2022-08-09T00:05:49,22
123,2021-01-16T07:32:14,Collection Space,40,2024-01-24T13:35:44,21
124,2021-12-29T17:34:26,Collection My,68,2022-12-20T06:43:35,5
125,2023-04-14T10:20:41,Collection Return,117,2021-04-24T07:45:09,7
126,2022-12-25T04:28:51,Collection Offer,12,2020-09-14T10:41:09,27
127,2024-02-19T01:53:51,Collection State,122,2020-09-23T07:27:37,11
128,2024-02-20T14:17:19,Collection Manage,108,2022-10-22T02:29:35,9
129,2021-10-15T19:40:40,Collection Large,50,2022-04-27T19:47:35,4
130,2021-07-16T13:45:40,Collection Poor,84,2020-06-30T03:00:07,8
