id,created_at,name,update_at
1,2022-01-05T23:15:00,Paleo,2024-11-20T06:10:52
2,2021-11-04T09:07:23,Vegan,2023-01-22T10:16:58
3,2024-09-02T02:58:03,Halal,2025-03-15T00:54:47
4,2024-12-08T03:54:46,Keto,2023-07-06T19:17:57
5,2023-01-02T23:02:00,Vegetarian,2025-01-17T02:26:17
6,2022-10-20T10:12:51,Halal,2021-07-18T23:02:36
7,2023-09-01T06:17:34,Vegetarian,2025-03-07T08:53:04
8,2024-02-09T19:53:52,Halal,2023-08-16T23:51:41
9,2020-03-03T20:54:58,Keto,2023-12-15T06:30:23
10,2025-03-21T03:32:42,Vegetarian,2022-03-01T09:40:32
11,2024-03-10T20:26:56,Low-Carb,2023-08-12T01:57:35
12,2020-07-20T08:53:51,Paleo,2020-04-28T22:41:54
13,2020-05-28T20:30:57,Paleo,2020-06-03T09:57:33
14,2021-01-22T04:41:41,Gluten-Free,2023-11-22T10:25:25
15,2020-06-21T09:58:53,Gluten-Free,2020-08-30T02:26:33
16,2025-03-18T20:28:51,Halal,2024-06-29T20:45:19
17,2020-04-23T21:23:36,Low-Carb,2021-12-24T13:04:21
18,2023-10-09T17:15:54,Low-Carb,2020-04-06T11:42:05
19,2021-04-24T04:59:23,Low-Carb,2024-07-16T12:39:09
20,2020-06-07T23:33:58,Halal,2020-07-02T03:33:19
21,2020-06-23T03:37:03,Keto,2023-04-16T20:52:02
22,2023-04-14T13:05:08,Paleo,2021-06-25T18:30:33
23,2022-12-25T19:20:30,Vegan,2020-11-06T13:52:11
24,2024-06-19T07:21:02,Vegan,2021-09-03T15:47:05
25,2024-11-03T21:43:25,Vegetarian,2020-04-07T22:57:00
26,2022-03-18T03:46:06,Paleo,2020-11-28T04:04:00
27,2025-03-20T22:09:09,Halal,2022-11-10T23:16:00
28,2024-03-11T02:13:40,Low-Carb,2021-02-21T23:42:33
29,2022-03-28T22:37:42,Vegan,2020-04-19T22:42:19
30,2025-01-24T19:08:39,Vegan,2022-12-30T07:09:18
31,2022-04-30T00:34:04,Gluten-Free,2023-02-04T04:56:04
32,2021-04-27T10:46:08,Vegetarian,2022-09-10T11:30:41
33,2024-05-07T10:33:22,Keto,2021-05-11T10:27:49
34,2020-10-21T23:46:54,Vegan,2021-02-06T09:01:09
35,2024-10-10T15:14:11,Vegan,2024-12-24T02:11:54
36,2023-07-26T23:07:04,Halal,2024-11-22T06:02:52
37,2020-12-25T07:05:29,Vegan,2021-10-28T23:19:15
38,2021-04-09T04:35:25,Gluten-Free,2024-07-25T14:13:41
39,2022-07-29T10:56:06,Halal,2020-10-23T20:49:01
40,2020-09-16T17:52:06,Keto,2023-12-18T12:59:05
41,2024-12-11T11:27:00,Low-Carb,2023-01-12T16:10:57
42,2021-11-21T01:48:28,Gluten-Free,2021-01-11T19:20:32
43,2024-08-14T00:55:42,Vegan,2022-10-26T16:32:50
44,2021-09-16T15:55:15,Keto,2023-12-22T23:26:24
45,2021-12-13T18:44:35,Keto,2022-07-16T18:47:20
46,2020-09-13T19:19:59,Low-Carb,2022-07-23T23:38:01
47,2020-04-04T22:24:21,Paleo,2024-09-06T06:09:00
48,2024-08-03T01:28:25,Low-Carb,2022-08-20T11:04:36
49,2024-08-25T11:48:06,Halal,2020-04-15T17:47:08
50,2021-10-26T00:19:35,Vegetarian,2021-11-29T09:23:14
51,2022-07-24T18:38:36,Halal,2020-12-14T22:42:55
52,2023-02-05T06:55:25,Gluten-Free,2021-06-11T03:45:52
53,2020-07-27T12:30:34,Vegetarian,2022-11-14T16:01:57
54,2024-09-29T17:56:50,Vegetarian,2023-03-23T04:30:31
55,2021-05-24T15:20:02,Low-Carb,2022-07-10T21:49:40
56,2020-06-14T21:46:50,Paleo,2024-11-15T11:45:55
57,2023-05-19T06:26:30,Gluten-Free,2021-10-12T20:41:25
58,2020-05-25T10:42:43,Paleo,2023-02-08T00:56:33
59,2024-02-04T17:54:03,Keto,2023-05-22T12:57:18
60,2022-05-11T17:30:15,Low-Carb,2020-01-28T16:32:15
61,2024-09-07T06:14:22,Keto,2022-09-28T13:37:34
62,2023-04-28T23:03:29,Low-Carb,2022-12-25T22:33:34
63,2021-04-07T10:11:15,Low-Carb,2022-10-29T04:44:34
64,2025-03-02T06:15:47,Gluten-Free,2022-08-28T17:05:43
65,2022-06-02T00:35:21,Halal,2020-05-12T22:14:06
66,2022-07-08T12:06:59,Vegan,2022-03-22T03:30:06
67,2025-02-03T00:51:47,Halal,2021-09-16T21:10:14
68,2020-01-07T10:57:18,Halal,2025-02-14T11:27:43
69,2021-10-06T21:24:39,Keto,2024-08-04T07:00:28
70,2020-10-14T18:04:42,Paleo,2023-11-23T14:18:36
71,2022-10-25T08:00:47,Halal,2022-05-14T12:40:39
72,2024-03-12T23:23:24,Paleo,2022-07-15T22:28:42
73,2020-02-23T10:33:39,Vegetarian,2024-10-20T07:56:55
74,2020-09-14T11:22:09,Halal,2024-10-31T00:28:33
75,2020-08-10T14:32:26,Keto,2022-10-28T23:02:39
76,2024-08-14T15:25:16,Halal,2022-06-16T15:45:26
77,2023-10-26T18:01:59,Gluten-Free,2023-01-27T23:57:54
78,2020-06-30T08:02:39,Paleo,2021-01-20T03:58:19
79,2023-05-04T22:50:06,Keto,2022-08-29T03:26:19
80,2022-05-24T04:43:22,Low-Carb,2021-01-03T13:31:22
81,2021-06-10T08:07:14,Vegetarian,2023-09-09T01:26:34
82,2025-01-15T18:09:41,Vegetarian,2024-02-28T03:29:31
83,2021-03-13T21:38:11,Vegan,2022-08-18T12:48:59
84,2022-03-18T05:23:29,Vegetarian,2024-06-26T19:08:42
85,2022-04-08T18:07:10,Halal,2020-07-22T09:38:29
86,2021-04-18T04:46:30,Low-Carb,2022-01-23T16:01:46
87,2022-03-18T05:24:10,Gluten-Free,2020-03-17T06:26:26
88,2021-01-26T17:17:07,Paleo,2021-12-03T01:00:45
89,2025-02-04T02:13:36,Vegan,2021-11-16T05:28:12
90,2024-01-10T01:19:40,Paleo,2023-11-04T02:34:43
91,2023-11-29T14:21:18,Low-Carb,2024-09-17T01:45:50
92,2020-04-09T08:41:09,Paleo,2024-05-18T11:00:18
93,2024-02-16T04:34:28,Low-Carb,2023-09-14T03:46:06
94,2025-03-08T16:36:38,Keto,2021-08-12T23:19:42
95,2023-11-26T19:33:42,Low-Carb,2021-08-24T21:56:59
96,2024-10-12T05:05:51,Low-Carb,2023-12-20T19:55:14
97,2020-01-19T13:24:10,Gluten-Free,2021-01-22T07:17:54
98,2021-04-15T03:26:33,Halal,2023-08-31T11:53:08
99,2021-08-14T22:16:27,Paleo,2021-07-16T03:03:15
100,2020-12-31T07:09:46,Low-Carb,2023-03-10T00:19:47
101,2021-07-11T15:49:57,Low-Carb,2024-06-29T01:39:48
102,2020-04-26T03:16:01,Low-Carb,2022-05-20T09:25:25
103,2025-04-06T06:23:47,Paleo,2023-04-28T17:00:35
104,2021-03-22T09:38:26,Vegan,2020-03-19T17:00:58
105,2024-07-29T01:37:16,Vegan,2022-04-09T23:23:04
106,2024-01-31T15:23:55,Vegetarian,2020-11-24T09:52:27
107,2024-09-01T21:24:46,Halal,2021-05-04T01:03:00
108,2023-07-24T04:26:10,Gluten-Free,2024-08-15T00:11:07
109,2024-06-24T12:58:48,Paleo,2020-01-30T21:12:19
110,2024-01-15T09:56:34,Gluten-Free,2021-02-09T09:12:31
111,2023-05-01T12:41:35,Vegetarian,2024-05-15T04:41:26
112,2024-11-03T12:55:21,Vegetarian,2020-07-14T14:57:08
113,2024-06-18T02:43:58,Paleo,2023-12-31T17:22:13
114,2024-02-28T05:13:57,Vegan,2021-03-19T15:33:52
115,2021-10-04T22:01:22,Low-Carb,2021-07-10T14:38:22
116,2022-11-03T17:12:46,Keto,2023-04-24T21:26:39
117,2020-06-22T05:26:31,Halal,2021-03-01T03:19:12
118,2023-09-29T00:33:39,Paleo,2022-08-19T10:18:06
119,2021-04-03T05:12:40,Gluten-Free,2023-12-12T14:41:42
120,2023-01-29T09:55:59,Vegan,2024-09-14T21:42:06
121,2023-06-19T17:41:25,Keto,2022-09-03T07:46:48
122,2020-11-13T04:01:06,Halal,2022-01-20T10:34:13
123,2020-06-21T09:34:47,Paleo,2024-01-15T13:22:38
124,2021-09-27T02:20:11,Vegan,2021-09-12T04:48:41
125,2020-03-13T04:11:28,Vegetarian,2020-07-25T05:16:31
126,2024-02-16T12:14:46,Gluten-Free,2020-04-30T00:13:02
127,2024-03-27T16:00:58,Paleo,2024-12-01T06:27:50
128,2025-01-29T15:58:23,Keto,2024-01-15T04:13:50
129,2024-01-16T21:36:32,Vegetarian,2020-06-02T14:07:50
130,2020-11-03T09:50:23,Low-Carb,2022-03-01T02:16:32
